dataset,strategy,task_id,run_id,ts_unix,pipeline_config,trigger_policy,verifier_invoked,verifier_decision,repair_attempted,origin_stage,run_total_tokens,end_to_end_latency_s,parse_error_type,parse_error_text,architect,developer,qa,verifier,architect_total_tokens,developer_total_tokens,qa_total_tokens,verifier_total_tokens,architect_latency_s,developer_latency_s,qa_latency_s,verifier_latency_s,architect_error,developer_repair,developer_harm,verifier_repair,verifier_harm,run_index_for_task,run_count_for_task,is_latest_for_task,has_boolean_result,passed,error_type,error
humaneval,agentic,HumanEval/0,run-54dbbca7,1771854417.079991,humaneval_no_security_no_verifier,always,0,,0,,3833,31.97829,,,google/gemini-3-pro-preview,anthropic/claude-sonnet-4.5,openai/gpt-5.1,,1805,871,1157,,17.11958,3.173098,11.585004,,0,0,0,0,0,1,1,1,1,True,,
humaneval,agentic,HumanEval/1,run-54dbbca7,1771854453.230397,humaneval_no_security_no_verifier,always,0,,0,,3827,36.118291,,,google/gemini-3-pro-preview,anthropic/claude-sonnet-4.5,openai/gpt-5.1,,1797,1032,998,,17.060013,4.160779,14.809313,,0,0,0,0,0,1,1,1,1,True,,
humaneval,agentic,HumanEval/2,run-54dbbca7,1771854479.059727,humaneval_no_security_no_verifier,always,0,,0,,2639,25.809565,,,google/gemini-3-pro-preview,anthropic/claude-sonnet-4.5,openai/gpt-5.1,,1758,397,484,,18.681925,1.824829,5.226618,,0,0,0,0,0,1,1,1,1,True,,
humaneval,agentic,HumanEval/3,run-54dbbca7,1771854503.249609,humaneval_no_security_no_verifier,always,0,,0,,3388,24.174703,,,google/gemini-3-pro-preview,anthropic/claude-sonnet-4.5,openai/gpt-5.1,,1705,1051,632,,14.50466,3.333131,6.271026,,0,0,0,0,0,1,1,1,1,True,,
humaneval,agentic,HumanEval/4,run-54dbbca7,1771854530.012938,humaneval_no_security_no_verifier,always,0,,0,,3367,26.744017,,,google/gemini-3-pro-preview,anthropic/claude-sonnet-4.5,openai/gpt-5.1,,1766,1002,599,,17.451989,3.199814,5.976674,,0,0,0,0,0,1,1,1,1,True,,
humaneval,agentic,HumanEval/5,run-54dbbca7,1771854553.681329,humaneval_no_security_no_verifier,always,0,,0,,3174,23.636691,,,google/gemini-3-pro-preview,anthropic/claude-sonnet-4.5,openai/gpt-5.1,,1560,1040,574,,13.294876,2.74269,7.483444,,0,0,0,0,0,1,1,1,1,True,,
humaneval,agentic,HumanEval/6,run-54dbbca7,1771854579.275532,humaneval_no_security_no_verifier,always,0,,0,,3548,25.555299,,,google/gemini-3-pro-preview,anthropic/claude-sonnet-4.5,openai/gpt-5.1,,1795,1153,600,,15.546519,3.496785,6.394414,,0,0,0,0,0,1,1,1,1,True,,
humaneval,agentic,HumanEval/7,run-54dbbca7,1771854607.809543,humaneval_no_security_no_verifier,always,0,,0,,3337,28.494921,,,google/gemini-3-pro-preview,anthropic/claude-sonnet-4.5,openai/gpt-5.1,,1758,866,713,,16.037286,2.158486,10.178039,,0,0,0,0,0,1,1,1,1,True,,
humaneval,agentic,HumanEval/8,run-54dbbca7,1771854628.749147,humaneval_no_security_no_verifier,always,0,,0,,3052,20.925647,,,google/gemini-3-pro-preview,anthropic/claude-sonnet-4.5,openai/gpt-5.1,,1691,944,417,,13.969418,3.260702,3.622992,,0,0,0,0,0,1,1,1,1,True,,
humaneval,agentic,HumanEval/9,run-54dbbca7,1771854656.296993,humaneval_no_security_no_verifier,always,0,,0,,3101,27.535774,,,google/gemini-3-pro-preview,anthropic/claude-sonnet-4.5,openai/gpt-5.1,,1778,687,636,,16.597424,3.017157,7.767248,,0,0,0,0,0,1,1,1,1,True,,
humaneval,agentic,HumanEval/10,run-54dbbca7,1771854695.588477,humaneval_no_security_no_verifier,always,0,,0,,3592,39.255362,,,google/gemini-3-pro-preview,anthropic/claude-sonnet-4.5,openai/gpt-5.1,,1825,961,806,,15.364403,4.242987,19.453886,,0,0,0,0,0,1,1,1,1,True,,
humaneval,agentic,HumanEval/11,run-54dbbca7,1771854720.301493,humaneval_no_security_no_verifier,always,0,,0,,2809,24.62133,,,google/gemini-3-pro-preview,anthropic/claude-sonnet-4.5,openai/gpt-5.1,,1761,598,450,,16.348715,2.501757,5.453899,,0,0,0,0,0,1,1,1,1,True,,
humaneval,agentic,HumanEval/12,run-54dbbca7,1771854746.997256,humaneval_no_security_no_verifier,always,0,,0,,3095,26.602761,,,google/gemini-3-pro-preview,anthropic/claude-sonnet-4.5,openai/gpt-5.1,,1644,973,478,,15.822679,3.283232,7.275931,,0,0,0,0,0,1,1,1,1,True,,
humaneval,agentic,HumanEval/13,run-54dbbca7,1771854773.448696,humaneval_no_security_no_verifier,always,0,,0,,3053,26.398239,,,google/gemini-3-pro-preview,anthropic/claude-sonnet-4.5,openai/gpt-5.1,,1746,896,411,,16.246753,3.914392,6.069072,,0,0,0,0,0,1,1,1,1,True,,
humaneval,agentic,HumanEval/14,run-54dbbca7,1771854795.81473,humaneval_no_security_no_verifier,always,0,,0,,2679,22.321878,,,google/gemini-3-pro-preview,anthropic/claude-sonnet-4.5,openai/gpt-5.1,,1528,809,342,,15.620847,1.892828,4.700294,,0,0,0,0,0,1,1,1,1,True,,
humaneval,agentic,HumanEval/15,run-54dbbca7,1771854819.353712,humaneval_no_security_no_verifier,always,0,,0,,2749,23.494745,,,google/gemini-3-pro-preview,anthropic/claude-sonnet-4.5,openai/gpt-5.1,,1527,853,369,,15.351934,2.194261,5.745068,,0,0,0,0,0,1,1,1,1,True,,
humaneval,agentic,HumanEval/16,run-54dbbca7,1771854846.171059,humaneval_no_security_no_verifier,always,0,,0,,3188,26.732514,,,google/gemini-3-pro-preview,anthropic/claude-sonnet-4.5,openai/gpt-5.1,,1683,902,603,,16.059654,3.222982,7.247697,,0,0,0,0,0,1,1,1,1,True,,
humaneval,agentic,HumanEval/17,run-54dbbca7,1771854870.436717,humaneval_no_security_no_verifier,always,0,,0,,3672,24.224422,,,google/gemini-3-pro-preview,anthropic/claude-sonnet-4.5,openai/gpt-5.1,,1851,1053,768,,15.290391,3.572985,5.123978,,0,0,0,0,0,1,1,1,1,True,,
humaneval,agentic,HumanEval/18,run-54dbbca7,1771854897.423913,humaneval_no_security_no_verifier,always,0,,0,,2957,26.84964,,,google/gemini-3-pro-preview,anthropic/claude-sonnet-4.5,openai/gpt-5.1,,1770,588,599,,18.05717,3.617496,4.873671,,0,0,0,0,0,1,1,1,1,True,,
humaneval,agentic,HumanEval/19,run-54dbbca7,1771854926.380789,humaneval_no_security_no_verifier,always,0,,0,,3474,28.910992,,,google/gemini-3-pro-preview,anthropic/claude-sonnet-4.5,openai/gpt-5.1,,1783,1054,637,,18.718745,3.424655,6.570096,,0,0,0,0,0,1,1,1,1,True,,
humaneval,agentic,HumanEval/20,run-54dbbca7,1771854960.784173,humaneval_no_security_no_verifier,always,0,,0,,4127,34.287781,,,google/gemini-3-pro-preview,anthropic/claude-sonnet-4.5,openai/gpt-5.1,,1846,1153,1128,,17.263459,4.002102,12.769221,,0,0,0,0,0,1,1,1,1,True,,
humaneval,agentic,HumanEval/21,run-54dbbca7,1771855002.674611,humaneval_no_security_no_verifier,always,0,,0,,3445,41.844902,,,google/gemini-3-pro-preview,anthropic/claude-sonnet-4.5,openai/gpt-5.1,,1805,701,939,,18.183265,2.61614,20.895741,,0,0,0,0,0,1,1,1,1,True,,
humaneval,agentic,HumanEval/22,run-54dbbca7,1771855044.285675,humaneval_no_security_no_verifier,always,0,,0,,2606,41.568177,,,google/gemini-3-pro-preview,anthropic/claude-sonnet-4.5,openai/gpt-5.1,,1774,428,404,,16.813684,17.704774,6.986229,,0,0,0,0,0,1,1,1,1,True,,
humaneval,agentic,HumanEval/23,run-54dbbca7,1771855062.333138,humaneval_no_security_no_verifier,always,0,,0,,1973,18.009234,,,google/gemini-3-pro-preview,anthropic/claude-sonnet-4.5,openai/gpt-5.1,,1186,515,272,,11.162132,2.007818,4.733285,,0,0,0,0,0,1,1,1,1,True,,
humaneval,agentic,HumanEval/24,run-54dbbca7,1771855088.940396,humaneval_no_security_no_verifier,always,0,,0,,2673,26.562392,,,google/gemini-3-pro-preview,anthropic/claude-sonnet-4.5,openai/gpt-5.1,,1539,720,414,,17.58871,1.994309,6.826719,,0,0,0,0,0,1,1,1,1,True,,
humaneval,agentic,HumanEval/25,run-54dbbca7,1771855118.916143,humaneval_no_security_no_verifier,always,0,,0,,3752,29.932999,,,google/gemini-3-pro-preview,anthropic/claude-sonnet-4.5,openai/gpt-5.1,,1809,1108,835,,15.413244,3.597925,10.772521,,0,0,0,0,0,1,1,1,1,True,,
humaneval,agentic,HumanEval/26,run-54dbbca7,1771855139.766459,humaneval_no_security_no_verifier,always,0,,0,,3133,20.807758,,,google/gemini-3-pro-preview,anthropic/claude-sonnet-4.5,openai/gpt-5.1,,1763,858,512,,14.146835,3.094997,3.455577,,0,0,0,0,0,1,1,1,1,True,,
humaneval,agentic,HumanEval/27,run-54dbbca7,1771855159.894596,humaneval_no_security_no_verifier,always,0,,0,,2399,20.086519,,,google/gemini-3-pro-preview,anthropic/claude-sonnet-4.5,openai/gpt-5.1,,1218,763,418,,12.605334,2.244904,5.102008,,0,0,0,0,0,1,1,1,1,True,,
humaneval,agentic,HumanEval/28,run-54dbbca7,1771855190.956234,humaneval_no_security_no_verifier,always,0,,0,,2513,31.015397,,,google/gemini-3-pro-preview,anthropic/claude-sonnet-4.5,openai/gpt-5.1,,1377,671,465,,18.214875,2.034077,10.544174,,0,0,0,0,0,1,1,1,1,True,,
humaneval,agentic,HumanEval/29,run-54dbbca7,1771855213.247329,humaneval_no_security_no_verifier,always,0,,0,,2971,22.22272,,,google/gemini-3-pro-preview,anthropic/claude-sonnet-4.5,openai/gpt-5.1,,1773,854,344,,14.755881,2.1334,5.163882,,0,0,0,0,0,1,1,1,1,True,,
humaneval,agentic,HumanEval/30,run-54dbbca7,1771855237.700341,humaneval_no_security_no_verifier,always,0,,0,,3054,24.408886,,,google/gemini-3-pro-preview,anthropic/claude-sonnet-4.5,openai/gpt-5.1,,1603,929,522,,13.757588,2.452467,8.041836,,0,0,0,0,0,1,1,1,1,True,,
humaneval,agentic,HumanEval/32,run-54dbbca7,1771855367.389552,humaneval_no_security_no_verifier,always,0,,0,,5217,128.004344,,,google/gemini-3-pro-preview,anthropic/claude-sonnet-4.5,openai/gpt-5.1,,1955,1073,2189,,18.30319,11.551377,98.021079,,0,0,0,0,0,1,1,1,1,True,,
humaneval,agentic,HumanEval/33,run-54dbbca7,1771855407.469333,humaneval_no_security_no_verifier,always,0,,0,,3910,40.043205,,,google/gemini-3-pro-preview,anthropic/claude-sonnet-4.5,openai/gpt-5.1,,1831,690,1389,,14.828693,3.962802,21.179588,,0,0,0,0,0,1,1,1,1,True,,
humaneval,agentic,HumanEval/34,run-54dbbca7,1771855430.925328,humaneval_no_security_no_verifier,always,0,,0,,2888,23.436681,,,google/gemini-3-pro-preview,anthropic/claude-sonnet-4.5,openai/gpt-5.1,,1752,780,356,,14.996778,2.697985,5.689035,,0,0,0,0,0,1,1,1,1,True,,
humaneval,agentic,HumanEval/35,run-54dbbca7,1771855455.171144,humaneval_no_security_no_verifier,always,0,,0,,2795,24.201842,,,google/gemini-3-pro-preview,anthropic/claude-sonnet-4.5,openai/gpt-5.1,,1636,829,330,,17.256654,1.650041,5.220875,,0,0,0,0,0,1,1,1,1,True,,
humaneval,agentic,HumanEval/36,run-54dbbca7,1771855492.317872,humaneval_no_security_no_verifier,always,0,,0,,3021,37.131926,,,google/gemini-3-pro-preview,anthropic/claude-sonnet-4.5,openai/gpt-5.1,,1758,431,832,,15.571294,2.119275,19.345381,,0,0,0,0,0,1,1,1,1,True,,
humaneval,agentic,HumanEval/37,run-54dbbca7,1771855521.683215,humaneval_no_security_no_verifier,always,0,,0,,3494,29.345733,,,google/gemini-3-pro-preview,anthropic/claude-sonnet-4.5,openai/gpt-5.1,,1802,739,953,,16.664742,3.756781,8.835408,,0,0,0,0,0,1,1,1,1,True,,
humaneval,agentic,HumanEval/38,run-54dbbca7,1771855613.027519,humaneval_no_security_no_verifier,always,0,,0,,4565,91.269305,,,google/gemini-3-pro-preview,anthropic/claude-sonnet-4.5,openai/gpt-5.1,,1685,1069,1811,,15.722852,4.026941,71.422334,,0,0,0,0,0,1,1,1,1,True,,
humaneval,agentic,HumanEval/39,run-54dbbca7,1771855644.94514,humaneval_no_security_no_verifier,always,0,,0,,3310,31.86222,,,google/gemini-3-pro-preview,anthropic/claude-sonnet-4.5,openai/gpt-5.1,,1774,615,921,,17.773013,3.697221,10.251991,,0,0,0,0,0,1,1,1,1,True,,
humaneval,agentic,HumanEval/40,run-54dbbca7,1771855683.152342,humaneval_no_security_no_verifier,always,0,,0,,4856,38.146727,,,google/gemini-3-pro-preview,anthropic/claude-sonnet-4.5,openai/gpt-5.1,,1843,1499,1514,,15.51765,5.631619,16.881351,,0,0,0,0,0,1,1,1,1,True,,
humaneval,agentic,HumanEval/41,run-54dbbca7,1771855703.674788,humaneval_no_security_no_verifier,always,0,,0,,2966,20.507339,,,google/gemini-3-pro-preview,anthropic/claude-sonnet-4.5,openai/gpt-5.1,,1618,961,387,,13.679847,2.485065,4.256479,,0,0,0,0,0,1,1,1,1,True,,
humaneval,agentic,HumanEval/42,run-54dbbca7,1771855731.199726,humaneval_no_security_no_verifier,always,0,,0,,2960,27.476896,,,google/gemini-3-pro-preview,anthropic/claude-sonnet-4.5,openai/gpt-5.1,,1601,889,470,,14.625052,2.231597,10.52972,,0,0,0,0,0,1,1,1,1,True,,
humaneval,agentic,HumanEval/43,run-54dbbca7,1771855770.93083,humaneval_no_security_no_verifier,always,0,,0,,3600,39.704377,,,google/gemini-3-pro-preview,anthropic/claude-sonnet-4.5,openai/gpt-5.1,,1859,946,795,,26.869439,3.371603,9.320994,,0,0,0,0,0,1,1,1,1,True,,
humaneval,agentic,HumanEval/44,run-54dbbca7,1771855796.694115,humaneval_no_security_no_verifier,always,0,,0,,3194,25.73666,,,google/gemini-3-pro-preview,anthropic/claude-sonnet-4.5,openai/gpt-5.1,,1616,881,697,,16.204849,2.145468,7.257999,,0,0,0,0,0,1,1,1,1,True,,
humaneval,agentic,HumanEval/45,run-54dbbca7,1771855817.591756,humaneval_no_security_no_verifier,always,0,,0,,2386,20.707377,,,google/gemini-3-pro-preview,anthropic/claude-sonnet-4.5,openai/gpt-5.1,,1387,696,303,,13.315248,1.788312,5.497376,,0,0,0,0,0,1,1,1,1,True,,
humaneval,agentic,HumanEval/46,run-54dbbca7,1771855847.325916,humaneval_no_security_no_verifier,always,0,,0,,3756,29.701355,,,google/gemini-3-pro-preview,anthropic/claude-sonnet-4.5,openai/gpt-5.1,,1853,1187,716,,15.741952,4.524082,9.34749,,0,0,0,0,0,1,1,1,1,True,,
humaneval,agentic,HumanEval/47,run-54dbbca7,1771855874.093045,humaneval_no_security_no_verifier,always,0,,0,,2790,26.747444,,,google/gemini-3-pro-preview,anthropic/claude-sonnet-4.5,openai/gpt-5.1,,1753,439,598,,17.028052,2.253192,7.396326,,0,0,0,0,0,1,1,1,1,True,,
humaneval,agentic,HumanEval/48,run-54dbbca7,1771855894.686877,humaneval_no_security_no_verifier,always,0,,0,,2467,20.556246,,,google/gemini-3-pro-preview,anthropic/claude-sonnet-4.5,openai/gpt-5.1,,1397,720,350,,12.895967,1.780177,5.819259,,0,0,0,0,0,1,1,1,1,True,,
humaneval,agentic,HumanEval/49,run-54dbbca7,1771855921.596069,humaneval_no_security_no_verifier,always,0,,0,,3154,26.892552,,,google/gemini-3-pro-preview,anthropic/claude-sonnet-4.5,openai/gpt-5.1,,1789,654,711,,17.832821,2.102142,6.873543,,0,0,0,0,0,1,1,1,1,True,,
humaneval,agentic,HumanEval/50,run-54dbbca7,1771855948.169914,humaneval_no_security_no_verifier,always,0,,0,,3022,26.558134,,,google/gemini-3-pro-preview,anthropic/claude-sonnet-4.5,openai/gpt-5.1,,1776,815,431,,18.58918,2.552432,5.335696,,0,0,0,0,0,1,1,1,1,True,,
humaneval,agentic,HumanEval/51,run-54dbbca7,1771855973.356412,humaneval_no_security_no_verifier,always,0,,0,,3448,25.172945,,,google/gemini-3-pro-preview,anthropic/claude-sonnet-4.5,openai/gpt-5.1,,1765,1158,525,,16.776601,3.832711,4.485915,,0,0,0,0,0,1,1,1,1,True,,
humaneval,agentic,HumanEval/52,run-54dbbca7,1771856001.892964,humaneval_no_security_no_verifier,always,0,,0,,3216,28.50602,,,google/gemini-3-pro-preview,anthropic/claude-sonnet-4.5,openai/gpt-5.1,,1621,930,665,,14.03736,3.515451,10.839022,,0,0,0,0,0,1,1,1,1,True,,
humaneval,agentic,HumanEval/53,run-54dbbca7,1771856038.945832,humaneval_no_security_no_verifier,always,0,,0,,2155,37.038701,,,google/gemini-3-pro-preview,anthropic/claude-sonnet-4.5,openai/gpt-5.1,,1235,624,296,,11.736864,23.41325,1.812034,,0,0,0,0,0,1,1,1,1,True,,
humaneval,agentic,HumanEval/54,run-54dbbca7,1771856067.016758,humaneval_no_security_no_verifier,always,0,,0,,3585,28.05423,,,google/gemini-3-pro-preview,anthropic/claude-sonnet-4.5,openai/gpt-5.1,,1711,981,893,,13.275742,2.704498,12.014594,,0,0,0,0,0,1,1,1,1,True,,
humaneval,agentic,HumanEval/55,run-54dbbca7,1771856089.724941,humaneval_no_security_no_verifier,always,0,,0,,2853,22.691002,,,google/gemini-3-pro-preview,anthropic/claude-sonnet-4.5,openai/gpt-5.1,,1641,847,365,,14.123039,2.028264,6.433481,,0,0,0,0,0,1,1,1,1,True,,
humaneval,agentic,HumanEval/56,run-54dbbca7,1771856166.93831,humaneval_no_security_no_verifier,always,0,,0,,4333,77.1978,,,google/gemini-3-pro-preview,anthropic/claude-sonnet-4.5,openai/gpt-5.1,,1765,721,1847,,15.890346,2.331168,58.909799,,0,0,0,0,0,1,1,1,1,True,,
humaneval,agentic,HumanEval/57,run-54dbbca7,1771856199.416127,humaneval_no_security_no_verifier,always,0,,0,,3467,32.462316,,,google/gemini-3-pro-preview,anthropic/claude-sonnet-4.5,openai/gpt-5.1,,1760,811,896,,17.65877,3.325642,11.419219,,0,0,0,0,0,1,1,1,1,True,,
humaneval,agentic,HumanEval/58,run-54dbbca7,1771856222.938403,humaneval_no_security_no_verifier,always,0,,0,,3055,23.51118,,,google/gemini-3-pro-preview,anthropic/claude-sonnet-4.5,openai/gpt-5.1,,1648,960,447,,16.204248,2.450677,4.785597,,0,0,0,0,0,1,1,1,1,True,,
humaneval,agentic,HumanEval/59,run-54dbbca7,1771856256.118395,humaneval_no_security_no_verifier,always,0,,0,,3282,33.167466,,,google/gemini-3-pro-preview,anthropic/claude-sonnet-4.5,openai/gpt-5.1,,1747,761,774,,17.447603,2.691032,12.941079,,0,0,0,0,0,1,1,1,1,True,,
humaneval,agentic,HumanEval/60,run-54dbbca7,1771856277.814447,humaneval_no_security_no_verifier,always,0,,0,,2936,21.678899,,,google/gemini-3-pro-preview,anthropic/claude-sonnet-4.5,openai/gpt-5.1,,1790,814,332,,15.056536,3.032056,3.539028,,0,0,0,0,0,1,1,1,1,True,,
humaneval,agentic,HumanEval/61,run-54dbbca7,1771856302.625522,humaneval_no_security_no_verifier,always,0,,0,,2904,24.795971,,,google/gemini-3-pro-preview,anthropic/claude-sonnet-4.5,openai/gpt-5.1,,1685,814,405,,16.692309,3.637937,4.41191,,0,0,0,0,0,1,1,1,1,True,,
humaneval,agentic,HumanEval/62,run-54dbbca7,1771856325.335078,humaneval_no_security_no_verifier,always,0,,0,,2693,22.693257,,,google/gemini-3-pro-preview,anthropic/claude-sonnet-4.5,openai/gpt-5.1,,1789,494,410,,16.716932,2.393122,3.532843,,0,0,0,0,0,1,1,1,1,True,,
humaneval,agentic,HumanEval/63,run-54dbbca7,1771856352.287088,humaneval_no_security_no_verifier,always,0,,0,,3622,26.93856,,,google/gemini-3-pro-preview,anthropic/claude-sonnet-4.5,openai/gpt-5.1,,1831,1110,681,,16.832594,4.296391,5.736933,,0,0,0,0,0,1,1,1,1,True,,
humaneval,agentic,HumanEval/64,run-54dbbca7,1771856396.268821,humaneval_no_security_no_verifier,always,0,,0,,4319,43.921751,,,google/gemini-3-pro-preview,anthropic/claude-sonnet-4.5,openai/gpt-5.1,,1806,1192,1321,,18.29821,8.638691,16.877024,,0,0,0,0,0,1,1,1,1,True,,
humaneval,agentic,HumanEval/65,run-54dbbca7,1771856429.041288,humaneval_no_security_no_verifier,always,0,,0,,3250,32.730074,,,google/gemini-3-pro-preview,anthropic/claude-sonnet-4.5,openai/gpt-5.1,,1768,662,820,,17.615705,3.484473,11.558295,,0,0,0,0,0,1,1,1,1,True,,
humaneval,agentic,HumanEval/66,run-54dbbca7,1771856460.545661,humaneval_no_security_no_verifier,always,0,,0,,3597,31.487322,,,google/gemini-3-pro-preview,anthropic/claude-sonnet-4.5,openai/gpt-5.1,,1752,918,927,,14.933426,3.278939,13.178153,,0,0,0,0,0,1,1,1,1,True,,
humaneval,agentic,HumanEval/67,run-54dbbca7,1771856490.237218,humaneval_no_security_no_verifier,always,0,,0,,3872,29.648125,,,google/gemini-3-pro-preview,anthropic/claude-sonnet-4.5,openai/gpt-5.1,,1912,1281,679,,19.679854,3.989099,5.882166,,0,0,0,0,0,1,1,1,1,True,,
humaneval,agentic,HumanEval/68,run-54dbbca7,1771856522.726935,humaneval_no_security_no_verifier,always,0,,0,,4792,32.443889,,,google/gemini-3-pro-preview,anthropic/claude-sonnet-4.5,openai/gpt-5.1,,2010,1477,1305,,17.114846,4.814425,10.439109,,0,0,0,0,0,1,1,1,1,True,,
humaneval,agentic,HumanEval/69,run-54dbbca7,1771856561.698323,humaneval_no_security_no_verifier,always,0,,0,,6002,38.958344,,,google/gemini-3-pro-preview,anthropic/claude-sonnet-4.5,openai/gpt-5.1,,1843,1149,3010,,15.893022,3.306632,19.676214,,0,0,0,0,0,1,1,1,1,True,,
humaneval,agentic,HumanEval/70,run-54dbbca7,1771856594.393068,humaneval_no_security_no_verifier,always,0,,0,,4176,32.677728,,,google/gemini-3-pro-preview,anthropic/claude-sonnet-4.5,openai/gpt-5.1,,1810,1057,1309,,17.706855,3.138524,11.704204,,0,0,0,0,0,1,1,1,1,True,,
humaneval,agentic,HumanEval/71,run-54dbbca7,1771856626.902371,humaneval_no_security_no_verifier,always,0,,0,,3943,32.19331,,,google/gemini-3-pro-preview,anthropic/claude-sonnet-4.5,openai/gpt-5.1,,1804,906,1233,,15.119627,3.828005,13.081839,,0,0,0,0,0,1,1,1,1,True,,
humaneval,agentic,HumanEval/72,run-54dbbca7,1771856650.697557,humaneval_no_security_no_verifier,always,0,,0,,3867,23.77005,,,google/gemini-3-pro-preview,anthropic/claude-sonnet-4.5,openai/gpt-5.1,,1921,1274,672,,16.733694,3.268991,3.585929,,0,0,0,0,0,1,1,1,1,True,,
humaneval,agentic,HumanEval/73,run-54dbbca7,1771856675.905335,humaneval_no_security_no_verifier,always,0,,0,,3653,24.962843,,,google/gemini-3-pro-preview,anthropic/claude-sonnet-4.5,openai/gpt-5.1,,1835,975,843,,14.990945,3.178555,6.668603,,0,0,0,0,0,1,1,1,1,True,,
humaneval,agentic,HumanEval/74,run-54dbbca7,1771856713.776861,humaneval_no_security_no_verifier,always,0,,0,,4176,37.856015,,,google/gemini-3-pro-preview,anthropic/claude-sonnet-4.5,openai/gpt-5.1,,1879,1130,1167,,16.842834,3.509805,17.361652,,0,0,0,0,0,1,1,1,1,True,,
humaneval,agentic,HumanEval/75,run-54dbbca7,1771856764.259724,humaneval_no_security_no_verifier,always,0,,0,,3961,50.139127,,,google/gemini-3-pro-preview,anthropic/claude-sonnet-4.5,openai/gpt-5.1,,1760,701,1500,,17.451856,4.911853,27.569827,,0,0,0,0,0,1,1,1,1,True,,
humaneval,agentic,HumanEval/76,run-54dbbca7,1771856810.331728,humaneval_no_security_no_verifier,always,0,,0,,3977,46.052349,,,google/gemini-3-pro-preview,anthropic/claude-sonnet-4.5,openai/gpt-5.1,,1830,650,1497,,18.040795,3.697792,24.245389,,0,0,0,0,0,1,1,1,1,True,,
humaneval,agentic,HumanEval/77,run-54dbbca7,1771856853.22883,humaneval_no_security_no_verifier,always,0,,0,,4085,42.883683,,,google/gemini-3-pro-preview,anthropic/claude-sonnet-4.5,openai/gpt-5.1,,1670,1025,1390,,14.82099,3.888158,24.04097,,0,0,0,0,0,1,1,1,1,True,,
humaneval,agentic,HumanEval/78,run-54dbbca7,1771856882.825085,humaneval_no_security_no_verifier,always,0,,0,,4386,29.321628,,,google/gemini-3-pro-preview,anthropic/claude-sonnet-4.5,openai/gpt-5.1,,2008,1369,1009,,14.211232,4.523595,10.433676,,0,0,0,0,0,1,1,1,1,True,,
humaneval,agentic,HumanEval/79,run-54dbbca7,1771856906.725181,humaneval_no_security_no_verifier,always,0,,0,,3185,23.860796,,,google/gemini-3-pro-preview,anthropic/claude-sonnet-4.5,openai/gpt-5.1,,1692,1009,484,,14.370293,3.54484,5.879066,,0,0,0,0,0,1,1,1,1,True,,
humaneval,agentic,HumanEval/80,run-54dbbca7,1771856932.509852,humaneval_no_security_no_verifier,always,0,,0,,3454,25.76541,,,google/gemini-3-pro-preview,anthropic/claude-sonnet-4.5,openai/gpt-5.1,,1800,1007,647,,14.871607,3.195465,7.624023,,0,0,0,0,0,1,1,1,1,True,,
humaneval,agentic,HumanEval/81,run-54dbbca7,1771856978.322948,humaneval_no_security_no_verifier,always,0,,0,,4492,45.794876,,,google/gemini-3-pro-preview,anthropic/claude-sonnet-4.5,openai/gpt-5.1,,1961,1102,1429,,15.469762,5.698563,24.562515,,0,0,0,0,0,1,1,1,1,True,,
humaneval,agentic,HumanEval/82,run-54dbbca7,1771857005.445525,humaneval_no_security_no_verifier,always,0,,0,,3426,27.103777,,,google/gemini-3-pro-preview,anthropic/claude-sonnet-4.5,openai/gpt-5.1,,1684,957,785,,14.436342,3.790629,8.811283,,0,0,0,0,0,1,1,1,1,True,,
humaneval,agentic,HumanEval/83,run-54dbbca7,1771857042.483884,humaneval_no_security_no_verifier,always,0,,0,,3380,37.025034,,,google/gemini-3-pro-preview,anthropic/claude-sonnet-4.5,openai/gpt-5.1,,1722,518,1140,,14.589094,4.694729,17.662583,,0,0,0,0,0,1,1,1,1,True,,
humaneval,agentic,HumanEval/84,run-54dbbca7,1771857066.765776,humaneval_no_security_no_verifier,always,0,,0,,3413,24.261634,,,google/gemini-3-pro-preview,anthropic/claude-sonnet-4.5,openai/gpt-5.1,,1799,957,657,,14.44854,3.208377,6.531345,,0,0,0,0,0,1,1,1,1,True,,
humaneval,agentic,HumanEval/85,run-54dbbca7,1771857095.618734,humaneval_no_security_no_verifier,always,0,,0,,3368,28.837025,,,google/gemini-3-pro-preview,anthropic/claude-sonnet-4.5,openai/gpt-5.1,,1705,950,713,,13.418034,2.204451,13.115657,,0,0,0,0,0,1,1,1,1,True,,
humaneval,agentic,HumanEval/86,run-54dbbca7,1771857148.643129,humaneval_no_security_no_verifier,always,0,,0,,4405,53.009949,,,google/gemini-3-pro-preview,anthropic/claude-sonnet-4.5,openai/gpt-5.1,,1814,947,1644,,15.898412,3.581227,33.442219,,0,0,0,0,0,1,1,1,1,True,,
humaneval,agentic,HumanEval/87,run-54dbbca7,1771857183.56343,humaneval_no_security_no_verifier,always,0,,0,,4752,34.90096,,,google/gemini-3-pro-preview,anthropic/claude-sonnet-4.5,openai/gpt-5.1,,1950,1253,1549,,18.317615,4.231922,12.299689,,0,0,0,0,0,1,1,1,1,True,,
humaneval,agentic,HumanEval/88,run-54dbbca7,1771857212.445271,humaneval_no_security_no_verifier,always,0,,0,,4258,28.86773,,,google/gemini-3-pro-preview,anthropic/claude-sonnet-4.5,openai/gpt-5.1,,1891,1285,1082,,16.269985,3.668983,8.851958,,0,0,0,0,0,1,1,1,1,True,,
humaneval,agentic,HumanEval/89,run-54dbbca7,1771857240.060854,humaneval_no_security_no_verifier,always,0,,0,,3366,27.59398,,,google/gemini-3-pro-preview,anthropic/claude-sonnet-4.5,openai/gpt-5.1,,1792,600,974,,15.892871,3.448109,8.148519,,0,0,0,0,0,1,1,1,1,True,,
humaneval,agentic,HumanEval/90,run-54dbbca7,1771857264.624363,humaneval_no_security_no_verifier,always,0,,0,,3082,24.518234,,,google/gemini-3-pro-preview,anthropic/claude-sonnet-4.5,openai/gpt-5.1,,1799,610,673,,14.977463,2.78309,6.692841,,0,0,0,0,0,1,1,1,1,True,,
humaneval,agentic,HumanEval/91,run-54dbbca7,1771857294.707311,humaneval_no_security_no_verifier,always,0,,0,,3645,30.065101,,,google/gemini-3-pro-preview,anthropic/claude-sonnet-4.5,openai/gpt-5.1,,1788,1032,825,,15.218331,4.032618,10.736749,,0,0,0,0,0,1,1,1,1,True,,
humaneval,agentic,HumanEval/92,run-54dbbca7,1771857328.300474,humaneval_no_security_no_verifier,always,0,,0,,3966,33.574822,,,google/gemini-3-pro-preview,anthropic/claude-sonnet-4.5,openai/gpt-5.1,,1824,971,1171,,15.716248,4.103276,13.679888,,0,0,0,0,0,1,1,1,1,True,,
humaneval,agentic,HumanEval/94,run-54dbbca7,1771857417.152644,humaneval_no_security_no_verifier,always,0,,0,,5848,70.558773,,,google/gemini-3-pro-preview,anthropic/claude-sonnet-4.5,openai/gpt-5.1,,2000,1291,2557,,17.026579,5.437015,48.031607,,0,0,0,0,0,1,1,1,1,True,,
humaneval,agentic,HumanEval/95,run-54dbbca7,1771857450.485915,humaneval_no_security_no_verifier,always,0,,0,,4188,33.315097,,,google/gemini-3-pro-preview,anthropic/claude-sonnet-4.5,openai/gpt-5.1,,1868,978,1342,,16.356289,3.647712,13.256391,,0,0,0,0,0,1,1,1,1,True,,
humaneval,agentic,HumanEval/96,run-54dbbca7,1771857481.409181,humaneval_no_security_no_verifier,always,0,,0,,3631,30.908771,,,google/gemini-3-pro-preview,anthropic/claude-sonnet-4.5,openai/gpt-5.1,,1852,755,1024,,15.144864,3.947726,11.736624,,0,0,0,0,0,1,1,1,1,True,,
humaneval,agentic,HumanEval/97,run-54dbbca7,1771857501.543078,humaneval_no_security_no_verifier,always,0,,0,,3047,20.089862,,,google/gemini-3-pro-preview,anthropic/claude-sonnet-4.5,openai/gpt-5.1,,1567,850,630,,12.703561,2.428209,4.897747,,0,0,0,0,0,1,1,1,1,True,,
humaneval,agentic,HumanEval/98,run-54dbbca7,1771857526.939291,humaneval_no_security_no_verifier,always,0,,0,,3116,25.382451,,,google/gemini-3-pro-preview,anthropic/claude-sonnet-4.5,openai/gpt-5.1,,1750,794,572,,17.252793,2.475317,5.583376,,0,0,0,0,0,1,1,1,1,True,,
humaneval,agentic,HumanEval/99,run-54dbbca7,1771857562.889305,humaneval_no_security_no_verifier,always,0,,0,,3617,35.934776,,,google/gemini-3-pro-preview,anthropic/claude-sonnet-4.5,openai/gpt-5.1,,1840,815,962,,18.480907,4.400166,12.91551,,0,0,0,0,0,1,1,1,1,False,AssertionError,AssertionError: Test 3
humaneval,agentic,HumanEval/100,run-54dbbca7,1771857592.111053,humaneval_no_security_no_verifier,always,0,,0,,3228,28.998126,,,google/gemini-3-pro-preview,anthropic/claude-sonnet-4.5,openai/gpt-5.1,,1815,859,554,,20.11694,2.978524,5.67142,,0,0,0,0,0,1,1,1,1,True,,
humaneval,agentic,HumanEval/101,run-54dbbca7,1771857623.199692,humaneval_no_security_no_verifier,always,0,,0,,3587,31.075827,,,google/gemini-3-pro-preview,anthropic/claude-sonnet-4.5,openai/gpt-5.1,,1731,1038,818,,21.904099,2.644399,6.47071,,0,0,0,0,0,1,1,1,1,True,,
humaneval,agentic,HumanEval/102,run-54dbbca7,1771857651.688253,humaneval_no_security_no_verifier,always,0,,0,,3224,28.453251,,,google/gemini-3-pro-preview,anthropic/claude-sonnet-4.5,openai/gpt-5.1,,1777,771,676,,16.592966,5.399451,6.386573,,0,0,0,0,0,1,1,1,1,True,,
humaneval,agentic,HumanEval/103,run-54dbbca7,1771857724.286883,humaneval_no_security_no_verifier,always,0,,0,,4374,72.584261,,,google/gemini-3-pro-preview,anthropic/claude-sonnet-4.5,openai/gpt-5.1,,1833,564,1977,,18.012329,2.928768,51.575084,,0,0,0,0,0,1,1,1,1,True,,
humaneval,agentic,HumanEval/104,run-54dbbca7,1771857752.492498,humaneval_no_security_no_verifier,always,0,,0,,3230,28.18577,,,google/gemini-3-pro-preview,anthropic/claude-sonnet-4.5,openai/gpt-5.1,,1799,869,562,,17.225257,4.173606,6.71939,,0,0,0,0,0,1,1,1,1,True,,
humaneval,agentic,HumanEval/106,run-54dbbca7,1771857933.63785,humaneval_no_security_no_verifier,always,0,,0,,3377,28.734602,,,google/gemini-3-pro-preview,anthropic/claude-sonnet-4.5,openai/gpt-5.1,,1805,936,636,,16.691626,3.637318,8.341208,,0,0,0,0,0,1,1,1,1,True,,
humaneval,agentic,HumanEval/107,run-54dbbca7,1771857971.866753,humaneval_no_security_no_verifier,always,0,,0,,4562,38.193387,,,google/gemini-3-pro-preview,anthropic/claude-sonnet-4.5,openai/gpt-5.1,,1892,1363,1307,,17.161965,3.885862,17.06642,,0,0,0,0,0,1,1,1,1,True,,
humaneval,agentic,HumanEval/108,run-54dbbca7,1771858021.406811,humaneval_no_security_no_verifier,always,0,,0,,4018,49.523865,,,google/gemini-3-pro-preview,anthropic/claude-sonnet-4.5,openai/gpt-5.1,,1808,639,1571,,18.159742,3.927295,27.367348,,0,0,0,0,0,1,1,1,1,True,,
humaneval,agentic,HumanEval/109,run-54dbbca7,1771858110.652336,humaneval_no_security_no_verifier,always,0,,0,,5400,89.230415,,,google/gemini-3-pro-preview,anthropic/claude-sonnet-4.5,openai/gpt-5.1,,1993,1143,2264,,17.917267,7.330493,63.898771,,0,0,0,0,0,1,1,1,1,True,,
humaneval,agentic,HumanEval/110,run-54dbbca7,1771858181.539454,humaneval_no_security_no_verifier,always,0,,0,,4813,70.870071,,,google/gemini-3-pro-preview,anthropic/claude-sonnet-4.5,openai/gpt-5.1,,1880,797,2136,,15.794824,4.429492,50.556362,,0,0,0,0,0,1,1,1,1,True,,
humaneval,agentic,HumanEval/111,run-54dbbca7,1771858207.872962,humaneval_no_security_no_verifier,always,0,,0,,3868,26.286487,,,google/gemini-3-pro-preview,anthropic/claude-sonnet-4.5,openai/gpt-5.1,,1680,1288,900,,15.062282,3.813244,7.341502,,0,0,0,0,0,1,1,1,1,True,,
humaneval,agentic,HumanEval/112,run-54dbbca7,1771858236.970058,humaneval_no_security_no_verifier,always,0,,0,,4010,29.080172,,,google/gemini-3-pro-preview,anthropic/claude-sonnet-4.5,openai/gpt-5.1,,1844,1288,878,,15.490897,4.671906,8.804425,,0,0,0,0,0,1,1,1,1,True,,
humaneval,agentic,HumanEval/113,run-54dbbca7,1771858265.990008,humaneval_no_security_no_verifier,always,0,,0,,3515,28.98019,,,google/gemini-3-pro-preview,anthropic/claude-sonnet-4.5,openai/gpt-5.1,,1866,713,936,,16.839231,4.200804,7.87907,,0,0,0,0,0,1,1,1,1,True,,
humaneval,agentic,HumanEval/114,run-54dbbca7,1771858308.399924,humaneval_no_security_no_verifier,always,0,,0,,4242,42.362335,,,google/gemini-3-pro-preview,anthropic/claude-sonnet-4.5,openai/gpt-5.1,,1763,619,1860,,16.849827,2.675313,22.743014,,0,0,0,0,0,1,1,1,1,True,,
humaneval,agentic,HumanEval/115,run-54dbbca7,1771858339.058403,humaneval_no_security_no_verifier,always,0,,0,,4630,30.642206,,,google/gemini-3-pro-preview,anthropic/claude-sonnet-4.5,openai/gpt-5.1,,2024,1522,1084,,16.867118,5.220095,8.479891,,0,0,0,0,0,1,1,1,1,True,,
humaneval,agentic,HumanEval/116,run-54dbbca7,1771858386.496752,humaneval_no_security_no_verifier,always,0,,0,,4058,47.418528,,,google/gemini-3-pro-preview,anthropic/claude-sonnet-4.5,openai/gpt-5.1,,1855,599,1604,,17.261105,2.829087,27.267336,,0,0,0,0,0,1,1,1,1,True,,
humaneval,agentic,HumanEval/117,run-54dbbca7,1771858422.895107,humaneval_no_security_no_verifier,always,0,,0,,3841,36.377288,,,google/gemini-3-pro-preview,anthropic/claude-sonnet-4.5,openai/gpt-5.1,,1865,912,1064,,14.794249,3.484831,18.028522,,0,0,0,0,0,1,1,1,1,True,,
humaneval,agentic,HumanEval/118,run-54dbbca7,1771858467.981329,humaneval_no_security_no_verifier,always,0,,0,,3936,45.069567,,,google/gemini-3-pro-preview,anthropic/claude-sonnet-4.5,openai/gpt-5.1,,1836,706,1394,,19.060342,4.307565,21.630947,,0,0,0,0,0,1,1,1,1,True,,
humaneval,agentic,HumanEval/119,run-54dbbca7,1771858545.33409,humaneval_no_security_no_verifier,always,0,,0,,4833,77.33564,,,google/gemini-3-pro-preview,anthropic/claude-sonnet-4.5,openai/gpt-5.1,,1853,906,2074,,16.139057,4.333549,56.78638,,0,0,0,0,0,1,1,1,1,True,,
humaneval,agentic,HumanEval/120,run-54dbbca7,1771858582.326473,humaneval_no_security_no_verifier,always,0,,0,,3979,36.967335,,,google/gemini-3-pro-preview,anthropic/claude-sonnet-4.5,openai/gpt-5.1,,1907,797,1275,,16.186203,3.289258,17.438616,,0,0,0,0,0,1,1,1,1,True,,
humaneval,agentic,HumanEval/121,run-54dbbca7,1771858612.991622,humaneval_no_security_no_verifier,always,0,,0,,3319,30.650322,,,google/gemini-3-pro-preview,anthropic/claude-sonnet-4.5,openai/gpt-5.1,,1727,878,714,,14.451997,2.828459,13.287796,,0,0,0,0,0,1,1,1,1,True,,
humaneval,agentic,HumanEval/122,run-54dbbca7,1771858641.062975,humaneval_no_security_no_verifier,always,0,,0,,3158,28.051728,,,google/gemini-3-pro-preview,anthropic/claude-sonnet-4.5,openai/gpt-5.1,,1817,548,793,,15.737332,2.739851,9.501009,,0,0,0,0,0,1,1,1,1,True,,
humaneval,agentic,HumanEval/123,run-54dbbca7,1771858680.861968,humaneval_no_security_no_verifier,always,0,,0,,4052,39.781237,,,google/gemini-3-pro-preview,anthropic/claude-sonnet-4.5,openai/gpt-5.1,,1916,804,1332,,15.034571,4.065336,20.595432,,0,0,0,0,0,1,1,1,1,True,,
humaneval,agentic,HumanEval/124,run-54dbbca7,1771858725.834448,humaneval_no_security_no_verifier,always,0,,0,,4476,44.936768,,,google/gemini-3-pro-preview,anthropic/claude-sonnet-4.5,openai/gpt-5.1,,1972,1084,1420,,16.823049,6.498918,21.525202,,0,0,0,0,0,1,1,1,1,True,,
humaneval,agentic,HumanEval/125,run-54dbbca7,1771858760.316061,humaneval_no_security_no_verifier,always,0,,0,,3780,34.445445,,,google/gemini-3-pro-preview,anthropic/claude-sonnet-4.5,openai/gpt-5.1,,1821,1052,907,,15.30445,3.424522,15.602574,,0,0,0,0,0,1,1,1,1,True,,
humaneval,agentic,HumanEval/126,run-54dbbca7,1771858793.398227,humaneval_no_security_no_verifier,always,0,,0,,4298,33.068138,,,google/gemini-3-pro-preview,anthropic/claude-sonnet-4.5,openai/gpt-5.1,,1933,1088,1277,,16.511895,4.227206,12.181646,,0,0,0,0,0,1,1,1,1,True,,
humaneval,agentic,HumanEval/127,run-54dbbca7,1771858830.25155,humaneval_no_security_no_verifier,always,0,,0,,4395,36.496034,,,google/gemini-3-pro-preview,anthropic/claude-sonnet-4.5,openai/gpt-5.1,,1944,1132,1319,,15.726168,5.430144,15.199308,,0,0,0,0,0,1,1,1,1,True,,
humaneval,agentic,HumanEval/128,run-54dbbca7,1771858870.053642,humaneval_no_security_no_verifier,always,0,,0,,3914,39.762774,,,google/gemini-3-pro-preview,anthropic/claude-sonnet-4.5,openai/gpt-5.1,,1715,1120,1079,,15.276005,4.007668,20.374918,,0,0,0,0,0,1,1,1,1,True,,
humaneval,agentic,HumanEval/129,run-54dbbca7,1771858956.384522,humaneval_no_security_no_verifier,always,0,,0,,6436,86.279043,,,google/gemini-3-pro-preview,anthropic/claude-sonnet-4.5,openai/gpt-5.1,,2096,1389,2951,,16.770913,8.35631,61.073963,,0,0,0,0,0,1,1,1,1,True,,
humaneval,agentic,HumanEval/130,run-54dbbca7,1771859047.3111,humaneval_no_security_no_verifier,always,0,,0,,5109,90.906809,,,google/gemini-3-pro-preview,anthropic/claude-sonnet-4.5,openai/gpt-5.1,,1924,858,2327,,15.628141,4.644406,70.544279,,0,0,0,0,0,1,1,1,1,True,,
humaneval,agentic,HumanEval/131,run-54dbbca7,1771859073.685364,humaneval_no_security_no_verifier,always,0,,0,,3347,26.358914,,,google/gemini-3-pro-preview,anthropic/claude-sonnet-4.5,openai/gpt-5.1,,1748,947,652,,14.95883,2.598732,8.710892,,0,0,0,0,0,1,1,1,1,True,,
humaneval,agentic,HumanEval/132,run-54dbbca7,1771859122.33785,humaneval_no_security_no_verifier,always,0,,0,,3906,48.615355,,,google/gemini-3-pro-preview,anthropic/claude-sonnet-4.5,openai/gpt-5.1,,1813,835,1258,,27.278943,6.031011,15.225306,,0,0,0,0,0,1,1,1,1,False,AssertionError,AssertionError: This prints if this assert fails 1 (good for debugging!)
humaneval,agentic,HumanEval/133,run-54dbbca7,1771859156.062515,humaneval_no_security_no_verifier,always,0,,0,,3856,33.686179,,,google/gemini-3-pro-preview,anthropic/claude-sonnet-4.5,openai/gpt-5.1,,1708,1051,1097,,15.477196,3.061947,15.069775,,0,0,0,0,0,1,1,1,1,True,,
humaneval,agentic,HumanEval/134,run-54dbbca7,1771859213.712767,humaneval_no_security_no_verifier,always,0,,0,,3704,57.637767,,,google/gemini-3-pro-preview,anthropic/claude-sonnet-4.5,openai/gpt-5.1,,1845,664,1195,,15.888192,3.3055,38.258458,,0,0,0,0,0,1,1,1,1,True,,
humaneval,agentic,HumanEval/135,run-54dbbca7,1771859257.535264,humaneval_no_security_no_verifier,always,0,,0,,3233,43.471875,,,google/gemini-3-pro-preview,anthropic/claude-sonnet-4.5,openai/gpt-5.1,,1778,510,945,,19.493813,2.5612,21.196034,,0,0,0,0,0,1,1,1,1,True,,
humaneval,agentic,HumanEval/136,run-54dbbca7,1771859290.4149,humaneval_no_security_no_verifier,always,0,,0,,4268,32.836512,,,google/gemini-3-pro-preview,anthropic/claude-sonnet-4.5,openai/gpt-5.1,,1804,1195,1269,,16.76106,3.080815,12.903074,,0,0,0,0,0,1,1,1,1,True,,
humaneval,agentic,HumanEval/137,run-54dbbca7,1771859321.604278,humaneval_no_security_no_verifier,always,0,,0,,3649,31.171258,,,google/gemini-3-pro-preview,anthropic/claude-sonnet-4.5,openai/gpt-5.1,,1825,1064,760,,17.538032,3.526098,10.016174,,0,0,0,0,0,1,1,1,1,True,,
humaneval,agentic,HumanEval/138,run-54dbbca7,1771859346.208386,humaneval_no_security_no_verifier,always,0,,0,,3066,24.56378,,,google/gemini-3-pro-preview,anthropic/claude-sonnet-4.5,openai/gpt-5.1,,1766,884,416,,16.869703,2.473929,5.159823,,0,0,0,0,0,1,1,1,1,True,,
humaneval,agentic,HumanEval/139,run-54dbbca7,1771859374.702037,humaneval_no_security_no_verifier,always,0,,0,,3021,28.479664,,,google/gemini-3-pro-preview,anthropic/claude-sonnet-4.5,openai/gpt-5.1,,1552,893,576,,15.028114,2.179962,11.153634,,0,0,0,0,0,1,1,1,1,True,,
humaneval,agentic,HumanEval/140,run-54dbbca7,1771859404.435874,humaneval_no_security_no_verifier,always,0,,0,,3732,29.714094,,,google/gemini-3-pro-preview,anthropic/claude-sonnet-4.5,openai/gpt-5.1,,1793,1026,913,,17.149889,3.395833,9.097981,,0,0,0,0,0,1,1,1,1,True,,
humaneval,agentic,HumanEval/141,run-54dbbca7,1771859462.190287,humaneval_no_security_no_verifier,always,0,,0,,4860,57.725279,,,google/gemini-3-pro-preview,anthropic/claude-sonnet-4.5,openai/gpt-5.1,,1909,916,2035,,18.691277,6.063475,32.822596,,0,0,0,0,0,1,1,1,1,True,,
humaneval,agentic,HumanEval/142,run-54dbbca7,1771859539.158026,humaneval_no_security_no_verifier,always,0,,0,,4829,76.927608,,,google/gemini-3-pro-preview,anthropic/claude-sonnet-4.5,openai/gpt-5.1,,1850,763,2216,,14.520956,4.848257,57.313319,,0,0,0,0,0,1,1,1,1,True,,
humaneval,agentic,HumanEval/143,run-54dbbca7,1771859579.148327,humaneval_no_security_no_verifier,always,0,,0,,3982,39.951056,,,google/gemini-3-pro-preview,anthropic/claude-sonnet-4.5,openai/gpt-5.1,,1836,1265,881,,17.450639,4.703131,17.725414,,0,0,0,0,0,1,1,1,1,True,,
humaneval,agentic,HumanEval/144,run-54dbbca7,1771859616.464482,humaneval_no_security_no_verifier,always,0,,0,,4035,37.301704,,,google/gemini-3-pro-preview,anthropic/claude-sonnet-4.5,openai/gpt-5.1,,1832,974,1229,,15.142493,3.806147,18.287536,,0,0,0,0,0,1,1,1,1,True,,
humaneval,agentic,HumanEval/145,run-54dbbca7,1771859687.299277,humaneval_no_security_no_verifier,always,0,,0,,4539,70.821709,,,google/gemini-3-pro-preview,anthropic/claude-sonnet-4.5,openai/gpt-5.1,,1806,646,2087,,15.366149,4.230156,51.158709,,0,0,0,0,0,1,1,1,1,False,AssertionError,AssertionError:
humaneval,agentic,HumanEval/146,run-54dbbca7,1771859723.305319,humaneval_no_security_no_verifier,always,0,,0,,3754,35.988528,,,google/gemini-3-pro-preview,anthropic/claude-sonnet-4.5,openai/gpt-5.1,,1807,785,1162,,15.491334,3.254845,17.167941,,0,0,0,0,0,1,1,1,1,True,,
humaneval,agentic,HumanEval/147,run-54dbbca7,1771859794.428586,humaneval_no_security_no_verifier,always,0,,0,,4471,71.109806,,,google/gemini-3-pro-preview,anthropic/claude-sonnet-4.5,openai/gpt-5.1,,1859,715,1897,,15.235154,3.501829,52.31427,,0,0,0,0,0,1,1,1,1,True,,
humaneval,agentic,HumanEval/148,run-54dbbca7,1771859825.945129,humaneval_no_security_no_verifier,always,0,,0,,4150,31.501825,,,google/gemini-3-pro-preview,anthropic/claude-sonnet-4.5,openai/gpt-5.1,,1890,1286,974,,15.093772,4.353117,11.621516,,0,0,0,0,0,1,1,1,1,True,,
humaneval,agentic,HumanEval/149,run-54dbbca7,1771859872.048576,humaneval_no_security_no_verifier,always,0,,0,,3777,45.716876,,,google/gemini-3-pro-preview,anthropic/claude-sonnet-4.5,openai/gpt-5.1,,1876,899,1002,,15.807887,4.081908,25.35751,,0,0,0,0,0,1,1,1,1,True,,
humaneval,agentic,HumanEval/150,run-54dbbca7,1771859911.766294,humaneval_no_security_no_verifier,always,0,,0,,3892,39.674974,,,google/gemini-3-pro-preview,anthropic/claude-sonnet-4.5,openai/gpt-5.1,,1738,1007,1147,,14.586112,3.45958,21.530915,,0,0,0,0,0,1,1,1,1,True,,
humaneval,agentic,HumanEval/151,run-54dbbca7,1771859962.06571,humaneval_no_security_no_verifier,always,0,,0,,3704,50.252992,,,google/gemini-3-pro-preview,anthropic/claude-sonnet-4.5,openai/gpt-5.1,,1828,840,1036,,26.961984,3.911654,19.289724,,0,0,0,0,0,1,1,1,1,True,,
humaneval,agentic,HumanEval/152,run-54dbbca7,1771859988.174093,humaneval_no_security_no_verifier,always,0,,0,,3921,26.059628,,,google/gemini-3-pro-preview,anthropic/claude-sonnet-4.5,openai/gpt-5.1,,1915,1137,869,,15.811536,3.345815,6.836723,,0,0,0,0,0,1,1,1,1,True,,
humaneval,agentic,HumanEval/153,run-54dbbca7,1771860060.457211,humaneval_no_security_no_verifier,always,0,,0,,5479,72.262185,,,google/gemini-3-pro-preview,anthropic/claude-sonnet-4.5,openai/gpt-5.1,,1962,1211,2306,,17.752075,5.764676,48.525497,,0,0,0,0,0,1,1,1,1,True,,
humaneval,agentic,HumanEval/154,run-54dbbca7,1771860096.932928,humaneval_no_security_no_verifier,always,0,,0,,3425,36.433631,,,google/gemini-3-pro-preview,anthropic/claude-sonnet-4.5,openai/gpt-5.1,,1814,730,881,,15.940667,3.542305,16.817322,,0,0,0,0,0,1,1,1,1,True,,
humaneval,agentic,HumanEval/155,run-54dbbca7,1771860128.068344,humaneval_no_security_no_verifier,always,0,,0,,3309,31.089586,,,google/gemini-3-pro-preview,anthropic/claude-sonnet-4.5,openai/gpt-5.1,,1749,768,792,,17.06487,2.924738,11.008739,,0,0,0,0,0,1,1,1,1,True,,
humaneval,agentic,HumanEval/156,run-54dbbca7,1771860162.489978,humaneval_no_security_no_verifier,always,0,,0,,4175,34.389423,,,google/gemini-3-pro-preview,anthropic/claude-sonnet-4.5,openai/gpt-5.1,,1792,1324,1059,,14.976889,5.36575,13.925696,,0,0,0,0,0,1,1,1,1,True,,
humaneval,agentic,HumanEval/157,run-54dbbca7,1771860196.791241,humaneval_no_security_no_verifier,always,0,,0,,3676,34.258532,,,google/gemini-3-pro-preview,anthropic/claude-sonnet-4.5,openai/gpt-5.1,,1752,1218,706,,19.64314,4.459412,10.001079,,0,0,0,0,0,1,1,1,1,True,,
humaneval,agentic,HumanEval/158,run-54dbbca7,1771860239.250578,humaneval_no_security_no_verifier,always,0,,0,,3788,42.116904,,,google/gemini-3-pro-preview,anthropic/claude-sonnet-4.5,openai/gpt-5.1,,1801,740,1247,,16.229371,3.710239,21.304882,,0,0,0,0,0,1,1,1,1,True,,
humaneval,agentic,HumanEval/159,run-54dbbca7,1771860268.489476,humaneval_no_security_no_verifier,always,0,,0,,4290,29.197715,,,google/gemini-3-pro-preview,anthropic/claude-sonnet-4.5,openai/gpt-5.1,,1949,1441,900,,15.360035,4.436451,9.323144,,0,0,0,0,0,1,1,1,1,True,,
humaneval,agentic,HumanEval/160,run-54dbbca7,1771860302.804853,humaneval_no_security_no_verifier,always,0,,0,,3642,34.270613,,,google/gemini-3-pro-preview,anthropic/claude-sonnet-4.5,openai/gpt-5.1,,1895,952,795,,17.393154,4.761067,12.002751,,0,0,0,0,0,1,1,1,1,True,,
humaneval,agentic,HumanEval/161,run-54dbbca7,1771860334.428513,humaneval_no_security_no_verifier,always,0,,0,,3623,31.582349,,,google/gemini-3-pro-preview,anthropic/claude-sonnet-4.5,openai/gpt-5.1,,1726,1119,778,,15.467571,3.60244,12.424748,,0,0,0,0,0,1,1,1,1,True,,
humaneval,agentic,HumanEval/162,run-54dbbca7,1771860358.831211,humaneval_no_security_no_verifier,always,0,,0,,2866,24.35774,,,google/gemini-3-pro-preview,anthropic/claude-sonnet-4.5,openai/gpt-5.1,,1519,883,464,,12.631341,2.449191,9.1909,,0,0,0,0,0,1,1,1,1,True,,
humaneval,agentic,HumanEval/163,run-54dbbca7,1771860388.548838,humaneval_no_security_no_verifier,always,0,,0,,2953,29.674819,,,google/gemini-3-pro-preview,anthropic/claude-sonnet-4.5,openai/gpt-5.1,,1789,530,634,,15.789109,3.219522,10.584709,,0,0,0,0,0,1,1,1,1,True,,
humaneval,agentic,HumanEval/31,run-8164e1da,1771860739.790049,humaneval_no_security_no_verifier,always,0,,0,,3875,52.385192,,,google/gemini-3-pro-preview,anthropic/claude-sonnet-4.5,openai/gpt-5.1,,1663,965,1247,,14.751904,2.848321,34.712033,,0,0,0,0,0,1,1,1,1,True,,
humaneval,agentic,HumanEval/93,run-8164e1da,1771860804.087679,humaneval_no_security_no_verifier,always,0,,0,,4292,64.243934,,,google/gemini-3-pro-preview,anthropic/claude-sonnet-4.5,openai/gpt-5.1,,1795,621,1876,,21.854684,3.952552,38.306777,,0,0,0,0,0,1,1,1,1,True,,
humaneval,agentic,HumanEval/105,run-8164e1da,1771860834.4376,humaneval_no_security_no_verifier,always,0,,0,,4314,30.307933,,,google/gemini-3-pro-preview,anthropic/claude-sonnet-4.5,openai/gpt-5.1,,1971,1361,982,,15.486718,6.725383,7.968707,,0,0,0,0,0,1,1,1,1,True,,
