dataset,strategy,task_id,run_id,qa_verdict_first_pass,verifier_invoked,verifier_decision,repair_attempted,final_passed,pre_verifier_exec_invoked,pre_verifier_exec_passed,blame_executor,blame_critic_false_fail,blame_critic_false_pass,verifier_help,verifier_harm,developer_blame_from_critic,critic_blame_from_verifier,blame_basis
mbpp,monolithic,MBPP/100,run-9da7f070,UNKNOWN,0,,0,False,,,0,0,0,0,0,,,qa_vs_final_proxy
mbpp,monolithic,MBPP/102,run-9da7f070,UNKNOWN,0,,0,False,,,0,0,0,0,0,,,qa_vs_final_proxy
mbpp,monolithic,MBPP/103,run-9da7f070,UNKNOWN,0,,0,True,,,0,0,0,0,0,,,qa_vs_final_proxy
mbpp,monolithic,MBPP/106,run-9da7f070,UNKNOWN,0,,0,True,,,0,0,0,0,0,,,qa_vs_final_proxy
mbpp,monolithic,MBPP/109,run-9da7f070,UNKNOWN,0,,0,True,,,0,0,0,0,0,,,qa_vs_final_proxy
mbpp,monolithic,MBPP/11,run-9da7f070,UNKNOWN,0,,0,True,,,0,0,0,0,0,,,qa_vs_final_proxy
mbpp,monolithic,MBPP/113,run-9da7f070,UNKNOWN,0,,0,True,,,0,0,0,0,0,,,qa_vs_final_proxy
mbpp,monolithic,MBPP/115,run-9da7f070,UNKNOWN,0,,0,True,,,0,0,0,0,0,,,qa_vs_final_proxy
mbpp,monolithic,MBPP/116,run-9da7f070,UNKNOWN,0,,0,False,,,0,0,0,0,0,,,qa_vs_final_proxy
mbpp,monolithic,MBPP/117,run-9da7f070,UNKNOWN,0,,0,False,,,0,0,0,0,0,,,qa_vs_final_proxy
mbpp,monolithic,MBPP/123,run-9da7f070,UNKNOWN,0,,0,False,,,0,0,0,0,0,,,qa_vs_final_proxy
mbpp,monolithic,MBPP/127,run-9da7f070,UNKNOWN,0,,0,True,,,0,0,0,0,0,,,qa_vs_final_proxy
mbpp,monolithic,MBPP/129,run-9da7f070,UNKNOWN,0,,0,True,,,0,0,0,0,0,,,qa_vs_final_proxy
mbpp,monolithic,MBPP/131,run-9da7f070,UNKNOWN,0,,0,False,,,0,0,0,0,0,,,qa_vs_final_proxy
mbpp,monolithic,MBPP/139,run-9da7f070,UNKNOWN,0,,0,True,,,0,0,0,0,0,,,qa_vs_final_proxy
mbpp,monolithic,MBPP/14,run-9da7f070,UNKNOWN,0,,0,False,,,0,0,0,0,0,,,qa_vs_final_proxy
mbpp,monolithic,MBPP/140,run-9da7f070,UNKNOWN,0,,0,True,,,0,0,0,0,0,,,qa_vs_final_proxy
mbpp,monolithic,MBPP/141,run-9da7f070,UNKNOWN,0,,0,True,,,0,0,0,0,0,,,qa_vs_final_proxy
mbpp,monolithic,MBPP/142,run-9da7f070,UNKNOWN,0,,0,True,,,0,0,0,0,0,,,qa_vs_final_proxy
mbpp,monolithic,MBPP/145,run-9da7f070,UNKNOWN,0,,0,False,,,0,0,0,0,0,,,qa_vs_final_proxy
mbpp,monolithic,MBPP/16,run-9da7f070,UNKNOWN,0,,0,True,,,0,0,0,0,0,,,qa_vs_final_proxy
mbpp,monolithic,MBPP/162,run-9da7f070,UNKNOWN,0,,0,True,,,0,0,0,0,0,,,qa_vs_final_proxy
mbpp,monolithic,MBPP/165,run-9da7f070,UNKNOWN,0,,0,True,,,0,0,0,0,0,,,qa_vs_final_proxy
mbpp,monolithic,MBPP/166,run-9da7f070,UNKNOWN,0,,0,True,,,0,0,0,0,0,,,qa_vs_final_proxy
mbpp,monolithic,MBPP/167,run-9da7f070,UNKNOWN,0,,0,False,,,0,0,0,0,0,,,qa_vs_final_proxy
mbpp,monolithic,MBPP/168,run-9da7f070,UNKNOWN,0,,0,True,,,0,0,0,0,0,,,qa_vs_final_proxy
mbpp,monolithic,MBPP/170,run-9da7f070,UNKNOWN,0,,0,False,,,0,0,0,0,0,,,qa_vs_final_proxy
mbpp,monolithic,MBPP/172,run-9da7f070,UNKNOWN,0,,0,True,,,0,0,0,0,0,,,qa_vs_final_proxy
mbpp,monolithic,MBPP/2,run-9da7f070,UNKNOWN,0,,0,True,,,0,0,0,0,0,,,qa_vs_final_proxy
mbpp,monolithic,MBPP/20,run-9da7f070,UNKNOWN,0,,0,True,,,0,0,0,0,0,,,qa_vs_final_proxy
mbpp,monolithic,MBPP/223,run-9da7f070,UNKNOWN,0,,0,True,,,0,0,0,0,0,,,qa_vs_final_proxy
mbpp,monolithic,MBPP/224,run-9da7f070,UNKNOWN,0,,0,False,,,0,0,0,0,0,,,qa_vs_final_proxy
mbpp,monolithic,MBPP/227,run-9da7f070,UNKNOWN,0,,0,False,,,0,0,0,0,0,,,qa_vs_final_proxy
mbpp,monolithic,MBPP/228,run-9da7f070,UNKNOWN,0,,0,True,,,0,0,0,0,0,,,qa_vs_final_proxy
mbpp,monolithic,MBPP/233,run-9da7f070,UNKNOWN,0,,0,True,,,0,0,0,0,0,,,qa_vs_final_proxy
mbpp,monolithic,MBPP/234,run-9da7f070,UNKNOWN,0,,0,True,,,0,0,0,0,0,,,qa_vs_final_proxy
mbpp,monolithic,MBPP/235,run-9da7f070,UNKNOWN,0,,0,False,,,0,0,0,0,0,,,qa_vs_final_proxy
mbpp,monolithic,MBPP/237,run-9da7f070,UNKNOWN,0,,0,False,,,0,0,0,0,0,,,qa_vs_final_proxy
mbpp,monolithic,MBPP/239,run-9da7f070,UNKNOWN,0,,0,True,,,0,0,0,0,0,,,qa_vs_final_proxy
mbpp,monolithic,MBPP/240,run-9da7f070,UNKNOWN,0,,0,True,,,0,0,0,0,0,,,qa_vs_final_proxy
mbpp,monolithic,MBPP/244,run-9da7f070,UNKNOWN,0,,0,False,,,0,0,0,0,0,,,qa_vs_final_proxy
mbpp,monolithic,MBPP/248,run-9da7f070,UNKNOWN,0,,0,False,,,0,0,0,0,0,,,qa_vs_final_proxy
mbpp,monolithic,MBPP/249,run-9da7f070,UNKNOWN,0,,0,False,,,0,0,0,0,0,,,qa_vs_final_proxy
mbpp,monolithic,MBPP/251,run-9da7f070,UNKNOWN,0,,0,False,,,0,0,0,0,0,,,qa_vs_final_proxy
mbpp,monolithic,MBPP/252,run-9da7f070,UNKNOWN,0,,0,False,,,0,0,0,0,0,,,qa_vs_final_proxy
mbpp,monolithic,MBPP/255,run-9da7f070,UNKNOWN,0,,0,True,,,0,0,0,0,0,,,qa_vs_final_proxy
mbpp,monolithic,MBPP/256,run-9da7f070,UNKNOWN,0,,0,False,,,0,0,0,0,0,,,qa_vs_final_proxy
mbpp,monolithic,MBPP/257,run-9da7f070,UNKNOWN,0,,0,False,,,0,0,0,0,0,,,qa_vs_final_proxy
mbpp,monolithic,MBPP/259,run-9da7f070,UNKNOWN,0,,0,False,,,0,0,0,0,0,,,qa_vs_final_proxy
mbpp,monolithic,MBPP/260,run-9da7f070,UNKNOWN,0,,0,False,,,0,0,0,0,0,,,qa_vs_final_proxy
mbpp,monolithic,MBPP/261,run-9da7f070,UNKNOWN,0,,0,False,,,0,0,0,0,0,,,qa_vs_final_proxy
mbpp,monolithic,MBPP/262,run-9da7f070,UNKNOWN,0,,0,False,,,0,0,0,0,0,,,qa_vs_final_proxy
mbpp,monolithic,MBPP/265,run-9da7f070,UNKNOWN,0,,0,False,,,0,0,0,0,0,,,qa_vs_final_proxy
mbpp,monolithic,MBPP/267,run-9da7f070,UNKNOWN,0,,0,True,,,0,0,0,0,0,,,qa_vs_final_proxy
mbpp,monolithic,MBPP/276,run-9da7f070,UNKNOWN,0,,0,True,,,0,0,0,0,0,,,qa_vs_final_proxy
mbpp,monolithic,MBPP/277,run-9da7f070,UNKNOWN,0,,0,True,,,0,0,0,0,0,,,qa_vs_final_proxy
mbpp,monolithic,MBPP/278,run-9da7f070,UNKNOWN,0,,0,True,,,0,0,0,0,0,,,qa_vs_final_proxy
mbpp,monolithic,MBPP/279,run-9da7f070,UNKNOWN,0,,0,True,,,0,0,0,0,0,,,qa_vs_final_proxy
mbpp,monolithic,MBPP/280,run-9da7f070,UNKNOWN,0,,0,True,,,0,0,0,0,0,,,qa_vs_final_proxy
mbpp,monolithic,MBPP/281,run-9da7f070,UNKNOWN,0,,0,False,,,0,0,0,0,0,,,qa_vs_final_proxy
mbpp,monolithic,MBPP/282,run-9da7f070,UNKNOWN,0,,0,True,,,0,0,0,0,0,,,qa_vs_final_proxy
mbpp,monolithic,MBPP/286,run-9da7f070,UNKNOWN,0,,0,True,,,0,0,0,0,0,,,qa_vs_final_proxy
mbpp,monolithic,MBPP/287,run-9da7f070,UNKNOWN,0,,0,True,,,0,0,0,0,0,,,qa_vs_final_proxy
mbpp,monolithic,MBPP/293,run-9da7f070,UNKNOWN,0,,0,True,,,0,0,0,0,0,,,qa_vs_final_proxy
mbpp,monolithic,MBPP/299,run-9da7f070,UNKNOWN,0,,0,False,,,0,0,0,0,0,,,qa_vs_final_proxy
mbpp,monolithic,MBPP/306,run-9da7f070,UNKNOWN,0,,0,True,,,0,0,0,0,0,,,qa_vs_final_proxy
mbpp,monolithic,MBPP/308,run-9da7f070,UNKNOWN,0,,0,True,,,0,0,0,0,0,,,qa_vs_final_proxy
mbpp,monolithic,MBPP/309,run-9da7f070,UNKNOWN,0,,0,False,,,0,0,0,0,0,,,qa_vs_final_proxy
mbpp,monolithic,MBPP/311,run-9da7f070,UNKNOWN,0,,0,False,,,0,0,0,0,0,,,qa_vs_final_proxy
mbpp,monolithic,MBPP/312,run-9da7f070,UNKNOWN,0,,0,True,,,0,0,0,0,0,,,qa_vs_final_proxy
mbpp,monolithic,MBPP/391,run-9da7f070,UNKNOWN,0,,0,False,,,0,0,0,0,0,,,qa_vs_final_proxy
mbpp,monolithic,MBPP/392,run-9da7f070,UNKNOWN,0,,0,True,,,0,0,0,0,0,,,qa_vs_final_proxy
mbpp,monolithic,MBPP/398,run-9da7f070,UNKNOWN,0,,0,False,,,0,0,0,0,0,,,qa_vs_final_proxy
mbpp,monolithic,MBPP/399,run-9da7f070,UNKNOWN,0,,0,True,,,0,0,0,0,0,,,qa_vs_final_proxy
mbpp,monolithic,MBPP/400,run-9da7f070,UNKNOWN,0,,0,False,,,0,0,0,0,0,,,qa_vs_final_proxy
mbpp,monolithic,MBPP/404,run-9da7f070,UNKNOWN,0,,0,False,,,0,0,0,0,0,,,qa_vs_final_proxy
mbpp,monolithic,MBPP/407,run-9da7f070,UNKNOWN,0,,0,True,,,0,0,0,0,0,,,qa_vs_final_proxy
mbpp,monolithic,MBPP/409,run-9da7f070,UNKNOWN,0,,0,True,,,0,0,0,0,0,,,qa_vs_final_proxy
mbpp,monolithic,MBPP/410,run-9da7f070,UNKNOWN,0,,0,False,,,0,0,0,0,0,,,qa_vs_final_proxy
mbpp,monolithic,MBPP/411,run-9da7f070,UNKNOWN,0,,0,False,,,0,0,0,0,0,,,qa_vs_final_proxy
mbpp,monolithic,MBPP/412,run-9da7f070,UNKNOWN,0,,0,True,,,0,0,0,0,0,,,qa_vs_final_proxy
mbpp,monolithic,MBPP/414,run-9da7f070,UNKNOWN,0,,0,True,,,0,0,0,0,0,,,qa_vs_final_proxy
mbpp,monolithic,MBPP/418,run-9da7f070,UNKNOWN,0,,0,True,,,0,0,0,0,0,,,qa_vs_final_proxy
mbpp,monolithic,MBPP/420,run-9da7f070,UNKNOWN,0,,0,True,,,0,0,0,0,0,,,qa_vs_final_proxy
mbpp,monolithic,MBPP/425,run-9da7f070,UNKNOWN,0,,0,True,,,0,0,0,0,0,,,qa_vs_final_proxy
mbpp,monolithic,MBPP/428,run-9da7f070,UNKNOWN,0,,0,True,,,0,0,0,0,0,,,qa_vs_final_proxy
mbpp,monolithic,MBPP/432,run-9da7f070,UNKNOWN,0,,0,True,,,0,0,0,0,0,,,qa_vs_final_proxy
mbpp,monolithic,MBPP/433,run-9da7f070,UNKNOWN,0,,0,True,,,0,0,0,0,0,,,qa_vs_final_proxy
mbpp,monolithic,MBPP/434,run-9da7f070,UNKNOWN,0,,0,True,,,0,0,0,0,0,,,qa_vs_final_proxy
mbpp,monolithic,MBPP/436,run-9da7f070,UNKNOWN,0,,0,True,,,0,0,0,0,0,,,qa_vs_final_proxy
mbpp,monolithic,MBPP/439,run-9da7f070,UNKNOWN,0,,0,True,,,0,0,0,0,0,,,qa_vs_final_proxy
mbpp,monolithic,MBPP/442,run-9da7f070,UNKNOWN,0,,0,False,,,0,0,0,0,0,,,qa_vs_final_proxy
mbpp,monolithic,MBPP/444,run-9da7f070,UNKNOWN,0,,0,False,,,0,0,0,0,0,,,qa_vs_final_proxy
mbpp,monolithic,MBPP/450,run-9da7f070,UNKNOWN,0,,0,True,,,0,0,0,0,0,,,qa_vs_final_proxy
mbpp,monolithic,MBPP/453,run-9da7f070,UNKNOWN,0,,0,True,,,0,0,0,0,0,,,qa_vs_final_proxy
mbpp,monolithic,MBPP/454,run-9da7f070,UNKNOWN,0,,0,True,,,0,0,0,0,0,,,qa_vs_final_proxy
mbpp,monolithic,MBPP/455,run-9da7f070,UNKNOWN,0,,0,True,,,0,0,0,0,0,,,qa_vs_final_proxy
mbpp,monolithic,MBPP/456,run-9da7f070,UNKNOWN,0,,0,True,,,0,0,0,0,0,,,qa_vs_final_proxy
mbpp,monolithic,MBPP/458,run-9da7f070,UNKNOWN,0,,0,True,,,0,0,0,0,0,,,qa_vs_final_proxy
mbpp,monolithic,MBPP/461,run-9da7f070,UNKNOWN,0,,0,False,,,0,0,0,0,0,,,qa_vs_final_proxy
mbpp,monolithic,MBPP/462,run-9da7f070,UNKNOWN,0,,0,False,,,0,0,0,0,0,,,qa_vs_final_proxy
mbpp,monolithic,MBPP/465,run-9da7f070,UNKNOWN,0,,0,True,,,0,0,0,0,0,,,qa_vs_final_proxy
mbpp,monolithic,MBPP/475,run-9da7f070,UNKNOWN,0,,0,False,,,0,0,0,0,0,,,qa_vs_final_proxy
mbpp,monolithic,MBPP/476,run-9da7f070,UNKNOWN,0,,0,True,,,0,0,0,0,0,,,qa_vs_final_proxy
mbpp,monolithic,MBPP/478,run-9da7f070,UNKNOWN,0,,0,True,,,0,0,0,0,0,,,qa_vs_final_proxy
mbpp,monolithic,MBPP/555,run-9da7f070,UNKNOWN,0,,0,True,,,0,0,0,0,0,,,qa_vs_final_proxy
mbpp,monolithic,MBPP/557,run-9da7f070,UNKNOWN,0,,0,True,,,0,0,0,0,0,,,qa_vs_final_proxy
mbpp,monolithic,MBPP/558,run-9da7f070,UNKNOWN,0,,0,False,,,0,0,0,0,0,,,qa_vs_final_proxy
mbpp,monolithic,MBPP/559,run-9da7f070,UNKNOWN,0,,0,True,,,0,0,0,0,0,,,qa_vs_final_proxy
mbpp,monolithic,MBPP/560,run-9da7f070,UNKNOWN,0,,0,True,,,0,0,0,0,0,,,qa_vs_final_proxy
mbpp,monolithic,MBPP/568,run-9da7f070,UNKNOWN,0,,0,True,,,0,0,0,0,0,,,qa_vs_final_proxy
mbpp,monolithic,MBPP/569,run-9da7f070,UNKNOWN,0,,0,True,,,0,0,0,0,0,,,qa_vs_final_proxy
mbpp,monolithic,MBPP/57,run-9da7f070,UNKNOWN,0,,0,True,,,0,0,0,0,0,,,qa_vs_final_proxy
mbpp,monolithic,MBPP/574,run-9da7f070,UNKNOWN,0,,0,False,,,0,0,0,0,0,,,qa_vs_final_proxy
mbpp,monolithic,MBPP/577,run-9da7f070,UNKNOWN,0,,0,False,,,0,0,0,0,0,,,qa_vs_final_proxy
mbpp,monolithic,MBPP/578,run-9da7f070,UNKNOWN,0,,0,False,,,0,0,0,0,0,,,qa_vs_final_proxy
mbpp,monolithic,MBPP/579,run-9da7f070,UNKNOWN,0,,0,True,,,0,0,0,0,0,,,qa_vs_final_proxy
mbpp,monolithic,MBPP/58,run-9da7f070,UNKNOWN,0,,0,True,,,0,0,0,0,0,,,qa_vs_final_proxy
mbpp,monolithic,MBPP/584,run-9da7f070,UNKNOWN,0,,0,False,,,0,0,0,0,0,,,qa_vs_final_proxy
mbpp,monolithic,MBPP/586,run-9da7f070,UNKNOWN,0,,0,True,,,0,0,0,0,0,,,qa_vs_final_proxy
mbpp,monolithic,MBPP/588,run-9da7f070,UNKNOWN,0,,0,False,,,0,0,0,0,0,,,qa_vs_final_proxy
mbpp,monolithic,MBPP/59,run-9da7f070,UNKNOWN,0,,0,True,,,0,0,0,0,0,,,qa_vs_final_proxy
mbpp,monolithic,MBPP/590,run-9da7f070,UNKNOWN,0,,0,False,,,0,0,0,0,0,,,qa_vs_final_proxy
mbpp,monolithic,MBPP/593,run-9da7f070,UNKNOWN,0,,0,True,,,0,0,0,0,0,,,qa_vs_final_proxy
mbpp,monolithic,MBPP/594,run-9da7f070,UNKNOWN,0,,0,True,,,0,0,0,0,0,,,qa_vs_final_proxy
mbpp,monolithic,MBPP/599,run-9da7f070,UNKNOWN,0,,0,True,,,0,0,0,0,0,,,qa_vs_final_proxy
mbpp,monolithic,MBPP/604,run-9da7f070,UNKNOWN,0,,0,True,,,0,0,0,0,0,,,qa_vs_final_proxy
mbpp,monolithic,MBPP/606,run-9da7f070,UNKNOWN,0,,0,True,,,0,0,0,0,0,,,qa_vs_final_proxy
mbpp,monolithic,MBPP/608,run-9da7f070,UNKNOWN,0,,0,True,,,0,0,0,0,0,,,qa_vs_final_proxy
mbpp,monolithic,MBPP/610,run-9da7f070,UNKNOWN,0,,0,False,,,0,0,0,0,0,,,qa_vs_final_proxy
mbpp,monolithic,MBPP/611,run-9da7f070,UNKNOWN,0,,0,False,,,0,0,0,0,0,,,qa_vs_final_proxy
mbpp,monolithic,MBPP/614,run-9da7f070,UNKNOWN,0,,0,True,,,0,0,0,0,0,,,qa_vs_final_proxy
mbpp,monolithic,MBPP/615,run-9da7f070,UNKNOWN,0,,0,False,,,0,0,0,0,0,,,qa_vs_final_proxy
mbpp,monolithic,MBPP/62,run-9da7f070,UNKNOWN,0,,0,True,,,0,0,0,0,0,,,qa_vs_final_proxy
mbpp,monolithic,MBPP/624,run-9da7f070,UNKNOWN,0,,0,True,,,0,0,0,0,0,,,qa_vs_final_proxy
mbpp,monolithic,MBPP/630,run-9da7f070,UNKNOWN,0,,0,False,,,0,0,0,0,0,,,qa_vs_final_proxy
mbpp,monolithic,MBPP/631,run-9da7f070,UNKNOWN,0,,0,True,,,0,0,0,0,0,,,qa_vs_final_proxy
mbpp,monolithic,MBPP/632,run-9da7f070,UNKNOWN,0,,0,False,,,0,0,0,0,0,,,qa_vs_final_proxy
mbpp,monolithic,MBPP/635,run-9da7f070,UNKNOWN,0,,0,True,,,0,0,0,0,0,,,qa_vs_final_proxy
mbpp,monolithic,MBPP/638,run-9da7f070,UNKNOWN,0,,0,False,,,0,0,0,0,0,,,qa_vs_final_proxy
mbpp,monolithic,MBPP/641,run-9da7f070,UNKNOWN,0,,0,True,,,0,0,0,0,0,,,qa_vs_final_proxy
mbpp,monolithic,MBPP/68,run-9da7f070,UNKNOWN,0,,0,True,,,0,0,0,0,0,,,qa_vs_final_proxy
mbpp,monolithic,MBPP/7,run-9da7f070,UNKNOWN,0,,0,True,,,0,0,0,0,0,,,qa_vs_final_proxy
mbpp,monolithic,MBPP/72,run-9da7f070,UNKNOWN,0,,0,True,,,0,0,0,0,0,,,qa_vs_final_proxy
mbpp,monolithic,MBPP/720,run-9da7f070,UNKNOWN,0,,0,True,,,0,0,0,0,0,,,qa_vs_final_proxy
mbpp,monolithic,MBPP/721,run-9da7f070,UNKNOWN,0,,0,True,,,0,0,0,0,0,,,qa_vs_final_proxy
mbpp,monolithic,MBPP/722,run-9da7f070,UNKNOWN,0,,0,True,,,0,0,0,0,0,,,qa_vs_final_proxy
mbpp,monolithic,MBPP/724,run-9da7f070,UNKNOWN,0,,0,False,,,0,0,0,0,0,,,qa_vs_final_proxy
mbpp,monolithic,MBPP/726,run-9da7f070,UNKNOWN,0,,0,True,,,0,0,0,0,0,,,qa_vs_final_proxy
mbpp,monolithic,MBPP/730,run-9da7f070,UNKNOWN,0,,0,True,,,0,0,0,0,0,,,qa_vs_final_proxy
mbpp,monolithic,MBPP/733,run-9da7f070,UNKNOWN,0,,0,False,,,0,0,0,0,0,,,qa_vs_final_proxy
mbpp,monolithic,MBPP/735,run-9da7f070,UNKNOWN,0,,0,False,,,0,0,0,0,0,,,qa_vs_final_proxy
mbpp,monolithic,MBPP/738,run-9da7f070,UNKNOWN,0,,0,False,,,0,0,0,0,0,,,qa_vs_final_proxy
mbpp,monolithic,MBPP/74,run-9da7f070,UNKNOWN,0,,0,True,,,0,0,0,0,0,,,qa_vs_final_proxy
mbpp,monolithic,MBPP/740,run-9da7f070,UNKNOWN,0,,0,True,,,0,0,0,0,0,,,qa_vs_final_proxy
mbpp,monolithic,MBPP/744,run-9da7f070,UNKNOWN,0,,0,True,,,0,0,0,0,0,,,qa_vs_final_proxy
mbpp,monolithic,MBPP/745,run-9da7f070,UNKNOWN,0,,0,True,,,0,0,0,0,0,,,qa_vs_final_proxy
mbpp,monolithic,MBPP/747,run-9da7f070,UNKNOWN,0,,0,True,,,0,0,0,0,0,,,qa_vs_final_proxy
mbpp,monolithic,MBPP/749,run-9da7f070,UNKNOWN,0,,0,False,,,0,0,0,0,0,,,qa_vs_final_proxy
mbpp,monolithic,MBPP/750,run-9da7f070,UNKNOWN,0,,0,False,,,0,0,0,0,0,,,qa_vs_final_proxy
mbpp,monolithic,MBPP/751,run-9da7f070,UNKNOWN,0,,0,False,,,0,0,0,0,0,,,qa_vs_final_proxy
mbpp,monolithic,MBPP/753,run-9da7f070,UNKNOWN,0,,0,True,,,0,0,0,0,0,,,qa_vs_final_proxy
mbpp,monolithic,MBPP/754,run-9da7f070,UNKNOWN,0,,0,True,,,0,0,0,0,0,,,qa_vs_final_proxy
mbpp,monolithic,MBPP/757,run-9da7f070,UNKNOWN,0,,0,True,,,0,0,0,0,0,,,qa_vs_final_proxy
mbpp,monolithic,MBPP/759,run-9da7f070,UNKNOWN,0,,0,True,,,0,0,0,0,0,,,qa_vs_final_proxy
mbpp,monolithic,MBPP/760,run-9da7f070,UNKNOWN,0,,0,False,,,0,0,0,0,0,,,qa_vs_final_proxy
mbpp,monolithic,MBPP/762,run-9da7f070,UNKNOWN,0,,0,True,,,0,0,0,0,0,,,qa_vs_final_proxy
mbpp,monolithic,MBPP/763,run-9da7f070,UNKNOWN,0,,0,True,,,0,0,0,0,0,,,qa_vs_final_proxy
mbpp,monolithic,MBPP/77,run-9da7f070,UNKNOWN,0,,0,True,,,0,0,0,0,0,,,qa_vs_final_proxy
mbpp,monolithic,MBPP/771,run-9da7f070,UNKNOWN,0,,0,True,,,0,0,0,0,0,,,qa_vs_final_proxy
mbpp,monolithic,MBPP/772,run-9da7f070,UNKNOWN,0,,0,True,,,0,0,0,0,0,,,qa_vs_final_proxy
mbpp,monolithic,MBPP/776,run-9da7f070,UNKNOWN,0,,0,False,,,0,0,0,0,0,,,qa_vs_final_proxy
mbpp,monolithic,MBPP/777,run-9da7f070,UNKNOWN,0,,0,False,,,0,0,0,0,0,,,qa_vs_final_proxy
mbpp,monolithic,MBPP/778,run-9da7f070,UNKNOWN,0,,0,False,,,0,0,0,0,0,,,qa_vs_final_proxy
mbpp,monolithic,MBPP/780,run-9da7f070,UNKNOWN,0,,0,True,,,0,0,0,0,0,,,qa_vs_final_proxy
mbpp,monolithic,MBPP/781,run-9da7f070,UNKNOWN,0,,0,True,,,0,0,0,0,0,,,qa_vs_final_proxy
mbpp,monolithic,MBPP/782,run-9da7f070,UNKNOWN,0,,0,True,,,0,0,0,0,0,,,qa_vs_final_proxy
mbpp,monolithic,MBPP/784,run-9da7f070,UNKNOWN,0,,0,True,,,0,0,0,0,0,,,qa_vs_final_proxy
mbpp,monolithic,MBPP/785,run-9da7f070,UNKNOWN,0,,0,True,,,0,0,0,0,0,,,qa_vs_final_proxy
mbpp,monolithic,MBPP/787,run-9da7f070,UNKNOWN,0,,0,True,,,0,0,0,0,0,,,qa_vs_final_proxy
mbpp,monolithic,MBPP/788,run-9da7f070,UNKNOWN,0,,0,True,,,0,0,0,0,0,,,qa_vs_final_proxy
mbpp,monolithic,MBPP/79,run-9da7f070,UNKNOWN,0,,0,True,,,0,0,0,0,0,,,qa_vs_final_proxy
mbpp,monolithic,MBPP/792,run-9da7f070,UNKNOWN,0,,0,True,,,0,0,0,0,0,,,qa_vs_final_proxy
mbpp,monolithic,MBPP/793,run-9da7f070,UNKNOWN,0,,0,True,,,0,0,0,0,0,,,qa_vs_final_proxy
mbpp,monolithic,MBPP/794,run-9da7f070,UNKNOWN,0,,0,True,,,0,0,0,0,0,,,qa_vs_final_proxy
mbpp,monolithic,MBPP/796,run-9da7f070,UNKNOWN,0,,0,True,,,0,0,0,0,0,,,qa_vs_final_proxy
mbpp,monolithic,MBPP/799,run-9da7f070,UNKNOWN,0,,0,True,,,0,0,0,0,0,,,qa_vs_final_proxy
mbpp,monolithic,MBPP/803,run-9da7f070,UNKNOWN,0,,0,True,,,0,0,0,0,0,,,qa_vs_final_proxy
mbpp,monolithic,MBPP/808,run-9da7f070,UNKNOWN,0,,0,True,,,0,0,0,0,0,,,qa_vs_final_proxy
mbpp,monolithic,MBPP/82,run-9da7f070,UNKNOWN,0,,0,True,,,0,0,0,0,0,,,qa_vs_final_proxy
mbpp,monolithic,MBPP/84,run-9da7f070,UNKNOWN,0,,0,True,,,0,0,0,0,0,,,qa_vs_final_proxy
mbpp,monolithic,MBPP/86,run-9da7f070,UNKNOWN,0,,0,True,,,0,0,0,0,0,,,qa_vs_final_proxy
mbpp,monolithic,MBPP/87,run-9da7f070,UNKNOWN,0,,0,False,,,0,0,0,0,0,,,qa_vs_final_proxy
mbpp,monolithic,MBPP/89,run-9da7f070,UNKNOWN,0,,0,True,,,0,0,0,0,0,,,qa_vs_final_proxy
mbpp,monolithic,MBPP/91,run-9da7f070,UNKNOWN,0,,0,False,,,0,0,0,0,0,,,qa_vs_final_proxy
mbpp,monolithic,MBPP/92,run-9da7f070,UNKNOWN,0,,0,True,,,0,0,0,0,0,,,qa_vs_final_proxy
mbpp,monolithic,MBPP/93,run-9da7f070,UNKNOWN,0,,0,False,,,0,0,0,0,0,,,qa_vs_final_proxy
mbpp,monolithic,MBPP/95,run-9da7f070,UNKNOWN,0,,0,True,,,0,0,0,0,0,,,qa_vs_final_proxy
mbpp,monolithic,MBPP/96,run-9da7f070,UNKNOWN,0,,0,True,,,0,0,0,0,0,,,qa_vs_final_proxy
mbpp,monolithic,MBPP/97,run-9da7f070,UNKNOWN,0,,0,True,,,0,0,0,0,0,,,qa_vs_final_proxy
